{"cameraMode":{"drawMode":0,"name":"Shaded","section":"Shading Mode"},"sceneLighting":true,"audioPlay":false,"sceneViewState":{"m_AlwaysRefresh":false,"showFog":true,"showSkybox":true,"showFlares":true,"showImageEffects":true,"showParticleSystems":true,"showVisualEffectGraphs":true,"m_FxEnabled":true},"in2DMode":false,"pivot":{"x":2.821162462234497,"y":0.9438197016716003,"z":-31.574628829956056},"rotation":{"x":-0.03108948841691017,"y":0.9579640626907349,"z":-0.11390971392393112,"w":-0.26146188378334048},"size":27.860897064208986,"orthographic":false}